{
	"credit": "Made with Blockbench",
	"texture_size": [64, 64],
	"textures": {
		"0": "./origin12",
		"particle": "./origin12"
	},
	"elements": [
		{
			"from": [6, 6, -11],
			"to": [7, 7, -9],
			"faces": {
				"north": {"uv": [1.25, 5.5, 1.875, 6.125], "texture": "#0"},
				"east": {"uv": [0, 5.5, 1.25, 6.125], "texture": "#0"},
				"south": {"uv": [0, 0, 0.25, 0.25], "rotation": 180, "texture": "#missing"},
				"west": {"uv": [0, 5.5, 1.25, 6.125], "texture": "#0"},
				"up": {"uv": [0, 6.125, 1.25, 6.75], "rotation": 90, "texture": "#0"},
				"down": {"uv": [1.625, 6, 1.875, 6.125], "rotation": 180, "texture": "#0"}
			}
		},
		{
			"from": [4, 6, -9],
			"to": [9, 9, 2],
			"faces": {
				"north": {"uv": [9.625, 7.625, 10.875, 8.375], "texture": "#0"},
				"east": {"uv": [0, 0, 6.875, 1.875], "rotation": 180, "texture": "#0"},
				"south": {"uv": [0, 0, 1.25, 0.75], "texture": "#missing"},
				"west": {"uv": [0, 0, 6.875, 1.875], "rotation": 180, "texture": "#0"},
				"up": {"uv": [6.5, 1.375, 8, 2], "rotation": 90, "texture": "#0"},
				"down": {"uv": [8.25, 0, 10.75, 0.25], "texture": "#0"}
			}
		},
		{
			"from": [5, 5, -9],
			"to": [8, 6, 3],
			"faces": {
				"north": {"uv": [3.75, 2.25, 4.5, 2.5], "texture": "#0"},
				"east": {"uv": [0, 1.375, 7.375, 1.625], "rotation": 180, "texture": "#0"},
				"south": {"uv": [0, 0, 0.75, 0.25], "texture": "#missing"},
				"west": {"uv": [0, 1.375, 7.375, 1.625], "rotation": 180, "texture": "#0"},
				"up": {"uv": [0, 0, 0.75, 3], "texture": "#missing"},
				"down": {"uv": [0, 2.375, 6.875, 4.25], "rotation": 90, "texture": "#0"}
			}
		},
		{
			"from": [5, 9, -9],
			"to": [8, 10, 2],
			"faces": {
				"north": {"uv": [0.75, 1.75, 1.5, 2], "texture": "#0"},
				"east": {"uv": [2.75, 1.75, 5.5, 2], "texture": "#0"},
				"south": {"uv": [0.25, 1.75, 1, 2], "texture": "#0"},
				"west": {"uv": [0, 1.75, 2.75, 2], "texture": "#0"},
				"up": {"uv": [0, 2.375, 6.875, 4.25], "rotation": 90, "texture": "#0"},
				"down": {"uv": [0, 0, 0.75, 2.75], "texture": "#missing"}
			}
		},
		{
			"from": [-1, 0, -11],
			"to": [4, 2, -9],
			"rotation": {"angle": 45, "axis": "x", "origin": [0, 0, 0]},
			"faces": {
				"north": {"uv": [0, 4.25, 3.25, 5.5], "texture": "#0"},
				"east": {"uv": [0, 0, 0.5, 0.5], "texture": "#missing"},
				"south": {"uv": [1.375, 5.375, 2.625, 5.5], "texture": "#0"},
				"west": {"uv": [3.25, 4.25, 4.5, 5.5], "texture": "#0"},
				"up": {"uv": [0, 5.5, 3.25, 4.25], "rotation": 180, "texture": "#0"},
				"down": {"uv": [0.625, 5.375, 1.875, 5.5], "texture": "#0"}
			}
		},
		{
			"from": [6, 10, -8],
			"to": [7, 11, -7],
			"faces": {
				"north": {"uv": [0.375, 0, 0.625, 0.25], "texture": "#0"},
				"east": {"uv": [0.375, 0, 0.625, 0.25], "texture": "#0"},
				"south": {"uv": [0.375, 0, 0.625, 0.25], "texture": "#0"},
				"west": {"uv": [0.375, 0, 0.625, 0.25], "texture": "#0"},
				"up": {"uv": [0.375, 0, 0.625, 0.25], "texture": "#0"},
				"down": {"uv": [0, 0, 0.25, 0.25], "texture": "#missing"}
			}
		},
		{
			"from": [6, 8, -10],
			"to": [7, 9, -9],
			"faces": {
				"north": {"uv": [0.375, 0, 0.625, 0.25], "texture": "#0"},
				"east": {"uv": [0.375, 0, 0.625, 0.25], "texture": "#0"},
				"south": {"uv": [0, 0, 0.25, 0.25], "texture": "#missing"},
				"west": {"uv": [0.375, 0, 0.625, 0.25], "texture": "#0"},
				"up": {"uv": [0.375, 0, 0.625, 0.25], "texture": "#0"},
				"down": {"uv": [0.375, 0, 0.625, 0.25], "texture": "#0"}
			}
		},
		{
			"from": [8, 5, 0],
			"to": [9, 6, 2],
			"faces": {
				"north": {"uv": [1.25, 5.5, 1.875, 6.125], "texture": "#0"},
				"east": {"uv": [0, 7.375, 1.25, 8], "texture": "#0"},
				"south": {"uv": [0, 0, 0.25, 0.25], "texture": "#missing"},
				"west": {"uv": [0, 0, 0.5, 0.25], "texture": "#missing"},
				"up": {"uv": [0, 0, 0.25, 0.5], "texture": "#missing"},
				"down": {"uv": [0, 7.375, 1.25, 8], "texture": "#0"}
			}
		},
		{
			"from": [4, 5, 0],
			"to": [5, 6, 2],
			"faces": {
				"north": {"uv": [1.25, 5.5, 1.875, 6.125], "texture": "#0"},
				"east": {"uv": [0, 0, 0.5, 0.25], "texture": "#missing"},
				"south": {"uv": [0, 0, 0.25, 0.25], "texture": "#missing"},
				"west": {"uv": [0, 7.375, 1.25, 8], "texture": "#0"},
				"up": {"uv": [0, 0, 0.25, 0.5], "texture": "#missing"},
				"down": {"uv": [0, 7.375, 1.25, 8], "rotation": 90, "texture": "#0"}
			}
		},
		{
			"from": [4, 6, 2],
			"to": [9, 9, 15],
			"faces": {
				"north": {"uv": [0, 0, 1.25, 0.75], "texture": "#missing"},
				"east": {"uv": [0, 10, 8.125, 11.875], "texture": "#0"},
				"south": {"uv": [0.125, 2, 1.375, 2.75], "texture": "#0"},
				"west": {"uv": [0, 8.125, 8.125, 10], "texture": "#0"},
				"up": {"uv": [7.5, 6.25, 7.625, 6.375], "texture": "#0"},
				"down": {"uv": [14.75, 12.75, 16, 16], "texture": "#0"}
			}
		},
		{
			"from": [5, 9, 3],
			"to": [8, 10, 14],
			"faces": {
				"north": {"uv": [1, 1.75, 1.75, 2], "texture": "#0"},
				"east": {"uv": [2.75, 1.75, 5.5, 2], "texture": "#0"},
				"south": {"uv": [1.125, 1.75, 1.875, 2], "texture": "#0"},
				"west": {"uv": [0, 1.75, 2.75, 2], "texture": "#0"},
				"up": {"uv": [0, 2.375, 6.875, 4.25], "rotation": 90, "texture": "#0"},
				"down": {"uv": [0, 0, 0.75, 2.75], "texture": "#missing"}
			}
		},
		{
			"from": [5, 5, 8],
			"to": [8, 6, 15],
			"faces": {
				"north": {"uv": [0, 0, 1.25, 0.25], "texture": "#missing"},
				"east": {"uv": [10.75, 9.375, 12.5, 9.625], "texture": "#0"},
				"south": {"uv": [10.125, 9.375, 11.375, 9.625], "texture": "#0"},
				"west": {"uv": [10.375, 9.5, 12.125, 9.75], "texture": "#0"},
				"up": {"uv": [0, 0, 1.25, 1.75], "texture": "#missing"},
				"down": {"uv": [1.625, 11.875, 2.875, 13.625], "texture": "#0"}
			}
		},
		{
			"from": [6, -5, 13],
			"to": [7, 0, 15],
			"rotation": {"angle": -22.5, "axis": "x", "origin": [0, 0, 0]},
			"faces": {
				"north": {"uv": [11.375, 7, 12.125, 8.25], "rotation": 180, "texture": "#0"},
				"east": {"uv": [4.375, 8, 1.25, 6.875], "rotation": 270, "texture": "#0"},
				"south": {"uv": [11.625, 8.25, 12.375, 9.5], "texture": "#0"},
				"west": {"uv": [1.25, 6.875, 4.375, 8], "rotation": 270, "texture": "#0"},
				"up": {"uv": [0, 0, 0.75, 0.5], "rotation": 180, "texture": "#missing"},
				"down": {"uv": [12.875, 10.875, 13.625, 11.375], "texture": "#0"}
			}
		},
		{
			"from": [6, 7, 8],
			"to": [7, 10, 9],
			"rotation": {"angle": 22.5, "axis": "x", "origin": [0, 0, 0]},
			"faces": {
				"north": {"uv": [0, 0, 0.25, 0.5], "texture": "#0"},
				"east": {"uv": [0, 0, 0.25, 0.5], "texture": "#0"},
				"south": {"uv": [0, 0, 0.25, 0.5], "texture": "#0"},
				"west": {"uv": [0, 0, 0.25, 0.5], "texture": "#0"},
				"up": {"uv": [0, 0, 0.25, 0.25], "texture": "#missing"},
				"down": {"uv": [0, 0, 0.25, 0.25], "texture": "#0"}
			}
		},
		{
			"from": [6, 5, 15],
			"to": [7, 7, 16],
			"faces": {
				"north": {"uv": [0, 0, 0.25, 0.25], "texture": "#missing"},
				"east": {"uv": [0, 6.75, 1.25, 7.375], "texture": "#0"},
				"south": {"uv": [1.375, 6.75, 1.625, 7], "texture": "#0"},
				"west": {"uv": [0, 6.75, 1.25, 7.375], "rotation": 90, "texture": "#0"},
				"up": {"uv": [2, 7.125, 2.5, 7.375], "texture": "#0"},
				"down": {"uv": [0.625, 6.75, 1.25, 7.375], "texture": "#0"}
			}
		},
		{
			"from": [7, 10, 12],
			"to": [8, 11, 13],
			"faces": {
				"north": {"uv": [0.375, 0, 0.625, 0.25], "rotation": 270, "texture": "#0"},
				"east": {"uv": [0.375, 0, 0.625, 0.25], "texture": "#0"},
				"south": {"uv": [0, 0, 0.25, 0.25], "rotation": 180, "texture": "#0"},
				"west": {"uv": [0, 0, 0.25, 0.25], "rotation": 270, "texture": "#0"},
				"up": {"uv": [0, 0, 0.25, 0.25], "rotation": 90, "texture": "#0"},
				"down": {"uv": [0, 0, 0.25, 0.25], "texture": "#missing"}
			}
		},
		{
			"from": [5, 10, 12],
			"to": [6, 11, 13],
			"faces": {
				"north": {"uv": [0.375, 0, 0.625, 0.25], "rotation": 180, "texture": "#0"},
				"east": {"uv": [0, 0, 0.25, 0.25], "rotation": 180, "texture": "#0"},
				"south": {"uv": [0, 0, 0.25, 0.25], "rotation": 270, "texture": "#0"},
				"west": {"uv": [0.375, 0, 0.625, 0.25], "texture": "#0"},
				"up": {"uv": [0, 0, 0.25, 0.25], "texture": "#0"},
				"down": {"uv": [0, 0, 0.25, 0.25], "texture": "#missing"}
			}
		},
		{
			"from": [4, 3, 2],
			"to": [9, 6, 8],
			"faces": {
				"north": {"uv": [7.625, 5.125, 7.75, 5.625], "texture": "#0"},
				"east": {"uv": [7.75, 4.25, 4.5, 5.75], "texture": "#0"},
				"south": {"uv": [5.75, 12.25, 7, 13.5], "texture": "#0"},
				"west": {"uv": [4.5, 4.25, 7.75, 5.75], "texture": "#0"},
				"up": {"uv": [0, 0, 1.25, 1.25], "texture": "#missing"},
				"down": {"uv": [1.25, 14.625, 2.5, 15.875], "texture": "#0"}
			}
		},
		{
			"from": [5, 1, 0],
			"to": [8, 6, 5],
			"rotation": {"angle": 22.5, "axis": "x", "origin": [0, 0, 0]},
			"faces": {
				"north": {"uv": [3, 11.875, 5, 15], "texture": "#0"},
				"east": {"uv": [3, 11.875, 0, 15], "texture": "#0"},
				"south": {"uv": [5.75, 12.25, 7, 13.5], "texture": "#0"},
				"west": {"uv": [0, 11.875, 3, 15], "texture": "#0"},
				"up": {"uv": [0, 0, 1.25, 1.25], "texture": "#missing"},
				"down": {"uv": [8.125, 8.75, 10, 11.875], "texture": "#0"}
			}
		},
		{
			"from": [6, 7, 15],
			"to": [7, 9, 17],
			"faces": {
				"north": {"uv": [0, 0, 0.25, 0.5], "texture": "#missing"},
				"east": {"uv": [0.875, 0.75, 1.125, 1], "texture": "#0"},
				"south": {"uv": [0, 0, 0.25, 0.5], "texture": "#missing"},
				"west": {"uv": [0.875, 0.75, 1.125, 1], "texture": "#0"},
				"up": {"uv": [0.875, 0.75, 1.125, 1], "texture": "#0"},
				"down": {"uv": [0.875, 0.75, 1.125, 1], "texture": "#0"}
			}
		},
		{
			"from": [6, 7, 23],
			"to": [7, 9, 24],
			"faces": {
				"north": {"uv": [0, 0, 0.25, 0.5], "texture": "#missing"},
				"east": {"uv": [0.5, 1, 0.75, 1.25], "texture": "#0"},
				"south": {"uv": [0, 0, 0.25, 0.5], "texture": "#missing"},
				"west": {"uv": [0.5, 1, 0.75, 1.25], "texture": "#0"},
				"up": {"uv": [0.75, 1.25, 1, 1.5], "texture": "#0"},
				"down": {"uv": [0.5, 1, 0.75, 1.25], "texture": "#0"}
			}
		},
		{
			"from": [5, 6, 24],
			"to": [8, 9, 27],
			"faces": {
				"north": {"uv": [6.875, 11.875, 7.125, 12.125], "texture": "#0"},
				"east": {"uv": [5, 11.875, 6.25, 13.125], "texture": "#0"},
				"south": {"uv": [2.875, 15.75, 4.125, 16], "texture": "#0"},
				"west": {"uv": [5, 11.875, 6.25, 13.125], "texture": "#0"},
				"up": {"uv": [5, 15.5, 6.25, 13.75], "rotation": 90, "texture": "#0"},
				"down": {"uv": [6.375, 13.625, 7.625, 13.75], "texture": "#0"}
			}
		},
		{
			"from": [5, 6, 17],
			"to": [8, 9, 23],
			"faces": {
				"north": {"uv": [13.625, 4.125, 14.375, 4.875], "texture": "#0"},
				"east": {"uv": [5, 11.875, 8.75, 13.75], "texture": "#0"},
				"south": {"uv": [0, 2, 0.75, 2.75], "texture": "#0"},
				"west": {"uv": [5, 11.875, 8.75, 13.75], "texture": "#0"},
				"up": {"uv": [5, 13.75, 8.75, 15.625], "rotation": 90, "texture": "#0"},
				"down": {"uv": [0, 2, 0.75, 3.5], "texture": "#0"}
			}
		},
		{
			"from": [6, 11, 20],
			"to": [7, 16, 22],
			"rotation": {"angle": 22.5, "axis": "x", "origin": [0, 0, 0]},
			"faces": {
				"north": {"uv": [8.625, 1, 8.875, 1.25], "texture": "#0"},
				"east": {"uv": [8.875, 1, 9.125, 1.25], "texture": "#0"},
				"south": {"uv": [9.75, 1.875, 10, 2.125], "texture": "#0"},
				"west": {"uv": [9, 2, 9.25, 2.25], "texture": "#0"},
				"up": {"uv": [0, 0, 0.25, 0.5], "texture": "#missing"},
				"down": {"uv": [9.75, 2, 10, 2.25], "texture": "#0"}
			}
		}
	],
	"display": {
		"thirdperson_righthand": {
			"rotation": [1, 0, 0],
			"translation": [-1.25, 1, -1.5],
			"scale": [0.5, 0.5, 0.5]
		},
		"thirdperson_lefthand": {
			"rotation": [-10.5, 0, 0],
			"translation": [-0.75, 1.75, 0],
			"scale": [-0.5, 0.5, 0.5]
		},
		"firstperson_righthand": {
			"rotation": [21.17, 6.5, 4.27],
			"translation": [-4.35, 3.5, -1.5],
			"scale": [0.6, 0.6, 0.6]
		},
		"firstperson_lefthand": {
			"rotation": [10.92, 6.5, 4.27],
			"translation": [-4.35, 3.5, -0.75],
			"scale": [-0.6, 0.6, 0.6]
		},
		"ground": {
			"rotation": [0.01, -0.01, -1],
			"translation": [0, 2.25, 0],
			"scale": [0.5, 0.5, 0.5]
		},
		"gui": {
			"rotation": [91.92, 45.51, -88.14],
			"translation": [0.25, 0.75, 0],
			"scale": [0.6, 0.6, 0.6]
		},
		"fixed": {
			"rotation": [90, -90, 90],
			"translation": [0, 0, -0.75]
		}
	},
	"groups": [
		{
			"name": "muzzle",
			"origin": [8, 8, 8],
			"color": 0,
			"children": [0]
		},
		{
			"name": "handguard",
			"origin": [8, 8, 8],
			"color": 0,
			"children": [1, 2, 3, 4, 5, 6, 7, 8]
		},
		{
			"name": "body",
			"origin": [8, 8, 8],
			"color": 0,
			"children": [9, 10, 11, 12, 13, 14, 15, 16]
		},
		{
			"name": "mag",
			"origin": [8, 8, 8],
			"color": 0,
			"children": [17, 18]
		},
		{
			"name": "stock",
			"origin": [8, 8, 8],
			"color": 0,
			"children": [19, 20, 21, 22, 23]
		}
	]
}