{
	"textures": {
		"backpack": "custom/black"
	},
	"elements": [
		{
			"from": [7.035, 10.37, 7.5125],
			"to": [9.045, 11.375, 8.5175],
			"rotation": {"angle": 0, "axis": "y", "origin": [0, 3, 5]},
			"faces": {
				"north": {"uv": [3.25, 3.25, 3.75, 3.5], "texture": "#backpack"},
				"east": {"uv": [3.25, 3.25, 3.5, 3.5], "texture": "#backpack"},
				"south": {"uv": [3.25, 3.25, 3.75, 3.5], "texture": "#backpack"},
				"west": {"uv": [3.5, 3.25, 3.75, 3.5], "texture": "#backpack"},
				"up": {"uv": [3.25, 3.25, 3.75, 3.5], "texture": "#backpack"},
				"down": {"uv": [3.25, 3.25, 3.75, 3.5], "texture": "#backpack"}
			}
		},
		{
			"from": [3.015, 13.385, 18.065],
			"to": [5.025, 14.39, 19.07],
			"rotation": {"angle": 0, "axis": "y", "origin": [0, 3, 5]},
			"faces": {
				"north": {"uv": [15, 0, 15.25, 0.25], "texture": "#backpack"},
				"east": {"uv": [15, 0, 15.25, 0.25], "texture": "#backpack"},
				"south": {"uv": [15, 0, 15.25, 0.25], "texture": "#backpack"},
				"west": {"uv": [15, 0, 15.25, 0.25], "texture": "#backpack"},
				"up": {"uv": [15, 0, 15.25, 0.25], "texture": "#backpack"},
				"down": {"uv": [15, 0, 15.25, 0.25], "texture": "#backpack"}
			}
		},
		{
			"from": [11.055, 1.325, 17.06],
			"to": [13.065, 2.33, 18.065],
			"rotation": {"angle": 0, "axis": "y", "origin": [0, 3, 5]},
			"faces": {
				"north": {"uv": [15, 2.75, 15.5, 3], "texture": "#backpack"},
				"east": {"uv": [15, 2.75, 15.5, 3], "texture": "#backpack"},
				"south": {"uv": [15, 2.75, 15.5, 3], "texture": "#backpack"},
				"west": {"uv": [15, 2.75, 15.5, 3], "texture": "#backpack"},
				"up": {"uv": [15, 2.75, 15.5, 3], "texture": "#backpack"},
				"down": {"uv": [15, 2.75, 15.5, 3], "texture": "#backpack"}
			}
		},
		{
			"from": [3.015, 1.325, 17.06],
			"to": [5.025, 2.33, 18.065],
			"rotation": {"angle": 0, "axis": "y", "origin": [0, 3, 5]},
			"faces": {
				"north": {"uv": [15, 2.75, 15.5, 3], "texture": "#backpack"},
				"east": {"uv": [15, 2.75, 15.5, 3], "texture": "#backpack"},
				"south": {"uv": [15, 2.75, 15.5, 3], "texture": "#backpack"},
				"west": {"uv": [15, 2.75, 15.5, 3], "texture": "#backpack"},
				"up": {"uv": [15, 2.75, 15.5, 3], "texture": "#backpack"},
				"down": {"uv": [15, 2.75, 15.5, 3], "texture": "#backpack"}
			}
		},
		{
			"from": [11.055, 13.385, 18.065],
			"to": [13.065, 14.39, 19.07],
			"rotation": {"angle": 0, "axis": "y", "origin": [0, 3, 5]},
			"faces": {
				"north": {"uv": [15, 0, 15.25, 0.25], "texture": "#backpack"},
				"east": {"uv": [15, 0, 15.25, 0.25], "texture": "#backpack"},
				"south": {"uv": [15, 0, 15.25, 0.25], "texture": "#backpack"},
				"west": {"uv": [15, 0, 15.25, 0.25], "texture": "#backpack"},
				"up": {"uv": [15, 0, 15.25, 0.25], "texture": "#backpack"},
				"down": {"uv": [15, 0, 15.25, 0.25], "texture": "#backpack"}
			}
		},
		{
			"from": [11.055, 1.325, 18.065],
			"to": [13.065, 13.385, 19.07],
			"rotation": {"angle": 0, "axis": "y", "origin": [0, 3, 5]},
			"faces": {
				"north": {"uv": [15.5, 0, 16, 3], "texture": "#backpack"},
				"east": {"uv": [15.75, 0, 16, 3], "texture": "#backpack"},
				"south": {"uv": [15.5, 0, 16, 3], "texture": "#backpack"},
				"west": {"uv": [15.5, 0, 15.75, 3], "texture": "#backpack"},
				"up": {"uv": [15, 2.75, 15.5, 3], "texture": "#backpack"},
				"down": {"uv": [15, 2.75, 15.5, 3], "texture": "#backpack"}
			}
		},
		{
			"from": [3.015, 1.325, 18.065],
			"to": [5.025, 13.385, 19.07],
			"rotation": {"angle": 0, "axis": "y", "origin": [0, 3, 5]},
			"faces": {
				"north": {"uv": [15, 0, 15.5, 3], "texture": "#backpack"},
				"east": {"uv": [15.25, 0, 15.5, 3], "texture": "#backpack"},
				"south": {"uv": [15, 0, 15.5, 3], "texture": "#backpack"},
				"west": {"uv": [15, 0, 15.25, 3], "texture": "#backpack"},
				"up": {"uv": [15, 2.75, 15.5, 3], "texture": "#backpack"},
				"down": {"uv": [15, 2.75, 15.5, 3], "texture": "#backpack"}
			}
		},
		{
			"from": [3.015, 16.4, 8.015],
			"to": [13.065, 17.405, 9.02],
			"rotation": {"angle": 0, "axis": "y", "origin": [0, 3, 5]},
			"faces": {
				"north": {"uv": [2.25, 1.75, 4.75, 2], "texture": "#backpack"},
				"east": {"uv": [2.25, 0, 2.5, 0.25], "texture": "#backpack"},
				"south": {"uv": [2.25, 0, 4.75, 0.25], "texture": "#backpack"},
				"west": {"uv": [2.25, 0, 2.5, 0.25], "texture": "#backpack"},
				"up": {"uv": [2.25, 0, 4.75, 0.25], "texture": "#backpack"},
				"down": {"uv": [2.25, 0, 4.75, 0.25], "texture": "#backpack"}
			}
		},
		{
			"from": [11.055, 13.385, 17.06],
			"to": [13.065, 14.39, 18.065],
			"rotation": {"angle": 0, "axis": "y", "origin": [0, 3, 5]},
			"faces": {
				"north": {"uv": [7.25, 2.75, 7.5, 3], "texture": "#backpack"},
				"east": {"uv": [7.25, 2.75, 7.5, 3], "texture": "#backpack"},
				"south": {"uv": [7.25, 2.75, 7.5, 3], "texture": "#backpack"},
				"west": {"uv": [7.25, 2.75, 7.5, 3], "texture": "#backpack"},
				"up": {"uv": [7.25, 2.75, 7.5, 3], "texture": "#backpack"},
				"down": {"uv": [7.25, 2.75, 7.5, 3], "texture": "#backpack"}
			}
		},
		{
			"from": [3.015, 13.385, 17.06],
			"to": [5.025, 14.39, 18.065],
			"rotation": {"angle": 0, "axis": "y", "origin": [0, 3, 5]},
			"faces": {
				"north": {"uv": [7.25, 2.75, 7.5, 3], "texture": "#backpack"},
				"east": {"uv": [7.25, 2.75, 7.5, 3], "texture": "#backpack"},
				"south": {"uv": [7.25, 2.75, 7.5, 3], "texture": "#backpack"},
				"west": {"uv": [7.25, 2.75, 7.5, 3], "texture": "#backpack"},
				"up": {"uv": [7.25, 2.75, 7.5, 3], "texture": "#backpack"},
				"down": {"uv": [7.25, 2.75, 7.5, 3], "texture": "#backpack"}
			}
		},
		{
			"from": [3.015, 16.4, 17.06],
			"to": [13.065, 17.405, 18.065],
			"rotation": {"angle": 0, "axis": "y", "origin": [0, 3, 5]},
			"faces": {
				"north": {"uv": [2.25, 2, 4.75, 2.25], "texture": "#backpack"},
				"east": {"uv": [4.5, 2, 4.75, 2.25], "texture": "#backpack"},
				"south": {"uv": [2.25, 2, 4.75, 2.25], "texture": "#backpack"},
				"west": {"uv": [2.25, 2, 2.5, 2.25], "texture": "#backpack"},
				"up": {"uv": [2.25, 2, 4.75, 2.25], "texture": "#backpack"},
				"down": {"uv": [2.25, 2, 4.75, 2.25], "texture": "#backpack"}
			}
		},
		{
			"from": [3.015, 14.39, 17.06],
			"to": [13.065, 16.4, 18.065],
			"rotation": {"angle": 0, "axis": "y", "origin": [0, 3, 5]},
			"faces": {
				"north": {"uv": [7.25, 2, 9.75, 2.5], "texture": "#backpack"},
				"east": {"uv": [7.25, 2, 7.5, 2.5], "texture": "#backpack"},
				"south": {"uv": [7.25, 2, 9.75, 2.5], "texture": "#backpack"},
				"west": {"uv": [7.25, 2, 7.5, 2.5], "texture": "#backpack"},
				"up": {"uv": [7.25, 2, 9.75, 2.25], "texture": "#backpack"},
				"down": {"uv": [7.25, 2.25, 9.75, 2.5], "texture": "#backpack"}
			}
		},
		{
			"from": [3.015, 16.4, 9.02],
			"to": [13.065, 17.405, 17.06],
			"rotation": {"angle": 0, "axis": "y", "origin": [0, 3, 5]},
			"faces": {
				"north": {"uv": [2.25, 1.75, 4.75, 2], "texture": "#backpack"},
				"east": {"uv": [0, 0.25, 2, 0.5], "texture": "#backpack"},
				"south": {"uv": [2.25, 0, 4.75, 0.25], "texture": "#backpack"},
				"west": {"uv": [0, 0, 2, 0.25], "texture": "#backpack"},
				"up": {"uv": [2.25, 0, 4.75, 2], "texture": "#backpack"},
				"down": {"uv": [2.25, 0, 4.75, 2], "texture": "#backpack"}
			}
		},
		{
			"from": [16.08, 0.32, 12.035],
			"to": [16.5825, 8.36, 14.045],
			"rotation": {"angle": 0, "axis": "y", "origin": [0, 3, 5]},
			"faces": {
				"north": {"uv": [15, 3.5, 15.25, 5.5], "texture": "#backpack"},
				"east": {"uv": [15.5, 3.5, 16, 5.5], "texture": "#backpack"},
				"south": {"uv": [15.25, 3.5, 15.5, 5.5], "texture": "#backpack"},
				"west": {"uv": [15.5, 3.5, 16, 5.5], "texture": "#backpack"},
				"up": {"uv": [15, 3.5, 15.25, 4], "texture": "#backpack"},
				"down": {"uv": [15, 5.25, 15.25, 5.5], "texture": "#backpack"}
			}
		},
		{
			"from": [14.07, 1.325, 10.025],
			"to": [16.08, 9.365, 16.055],
			"rotation": {"angle": 0, "axis": "y", "origin": [0, 3, 5]},
			"faces": {
				"north": {"uv": [12, 3.5, 12.5, 5.5], "texture": "#backpack"},
				"east": {"uv": [13, 3.5, 14.5, 5.5], "texture": "#backpack"},
				"south": {"uv": [10, 3.5, 10.5, 5.5], "texture": "#backpack"},
				"west": {"uv": [10.5, 3.5, 12, 5.5], "texture": "#backpack"},
				"up": {"uv": [10, 2, 10.5, 3.5], "texture": "#backpack"},
				"down": {"uv": [14.5, 2, 15, 3.5], "texture": "#backpack"}
			}
		},
		{
			"from": [10.05, 0.32, 6.5075],
			"to": [11.055, 6.35, 7.01],
			"rotation": {"angle": 0, "axis": "y", "origin": [0, 3, 5]},
			"faces": {
				"north": {"uv": [3.5, 6.5, 3.75, 8], "texture": "#backpack"},
				"east": {"uv": [3.5, 6.5, 3.75, 8], "texture": "#backpack"},
				"south": {"uv": [3.5, 6.5, 3.75, 8], "texture": "#backpack"},
				"west": {"uv": [3.5, 6.5, 3.75, 8], "texture": "#backpack"},
				"up": {"uv": [3.5, 6.5, 3.75, 6.75], "texture": "#backpack"},
				"down": {"uv": [3.5, 7.75, 3.75, 8], "texture": "#backpack"}
			}
		},
		{
			"from": [0, 1.325, 10.025],
			"to": [2.01, 9.365, 16.055],
			"rotation": {"angle": 0, "axis": "y", "origin": [0, 3, 5]},
			"faces": {
				"north": {"uv": [10, 3.5, 10.5, 5.5], "texture": "#backpack"},
				"east": {"uv": [42, 14, 48, 22], "texture": "#backpack"},
				"south": {"uv": [12, 3.5, 12.5, 5.5], "texture": "#backpack"},
				"west": {"uv": [13, 3.5, 14.5, 5.5], "texture": "#backpack"},
				"up": {"uv": [12.5, 2, 13, 3.5], "texture": "#backpack"},
				"down": {"uv": [12, 2, 12.5, 3.5], "texture": "#backpack"}
			}
		},
		{
			"from": [-0.5025, 0.32, 12.035],
			"to": [0, 8.36, 14.045],
			"rotation": {"angle": 0, "axis": "y", "origin": [0, 3, 5]},
			"faces": {
				"north": {"uv": [15, 3.5, 15.25, 5.5], "texture": "#backpack"},
				"east": {"uv": [15, 3.5, 15.5, 5.5], "texture": "#backpack"},
				"south": {"uv": [15.25, 3.5, 15.5, 5.5], "texture": "#backpack"},
				"west": {"uv": [15, 3.5, 15.5, 5.5], "texture": "#backpack"},
				"up": {"uv": [15, 3.5, 15.25, 4], "texture": "#backpack"},
				"down": {"uv": [15, 5.25, 15.25, 5.5], "texture": "#backpack"}
			}
		},
		{
			"from": [5.025, 0.32, 6.5075],
			"to": [6.03, 6.35, 7.01],
			"rotation": {"angle": 0, "axis": "y", "origin": [0, 3, 5]},
			"faces": {
				"north": {"uv": [3.5, 6.5, 3.75, 8], "texture": "#backpack"},
				"east": {"uv": [3.5, 6.5, 3.75, 8], "texture": "#backpack"},
				"south": {"uv": [3.5, 6.5, 3.75, 8], "texture": "#backpack"},
				"west": {"uv": [3.5, 6.5, 3.75, 8], "texture": "#backpack"},
				"up": {"uv": [3.5, 6.5, 3.75, 6.75], "texture": "#backpack"},
				"down": {"uv": [3.5, 7.75, 3.75, 8], "texture": "#backpack"}
			}
		},
		{
			"from": [7.035, 7.355, 8.5175],
			"to": [9.045, 11.375, 9.02],
			"rotation": {"angle": 0, "axis": "y", "origin": [0, 3, 5]},
			"faces": {
				"north": {"uv": [3.25, 3.25, 3.75, 4.25], "texture": "#backpack"},
				"east": {"uv": [3.25, 3.25, 3.5, 4.25], "texture": "#backpack"},
				"south": {"uv": [3.25, 3.25, 3.75, 4.25], "texture": "#backpack"},
				"west": {"uv": [3.5, 3.25, 3.75, 4.25], "texture": "#backpack"},
				"up": {"uv": [3.25, 3.25, 3.75, 3.5], "texture": "#backpack"},
				"down": {"uv": [3.25, 3.25, 3.75, 3.5], "texture": "#backpack"}
			}
		},
		{
			"from": [3.015, 1.325, 7.01],
			"to": [13.065, 7.355, 9.02],
			"rotation": {"angle": 0, "axis": "y", "origin": [0, 3, 5]},
			"faces": {
				"north": {"uv": [0.5, 6.5, 3, 8], "texture": "#backpack"},
				"east": {"uv": [0, 6.5, 0.5, 8], "texture": "#backpack"},
				"south": {"uv": [0.5, 6.5, 3, 8], "texture": "#backpack"},
				"west": {"uv": [3, 6.5, 3.5, 8], "texture": "#backpack"},
				"up": {"uv": [0.5, 6, 3, 6.5], "texture": "#backpack"},
				"down": {"uv": [0.5, 8, 3, 8.5], "texture": "#backpack"}
			}
		},
		{
			"from": [7.035, 11.375, 7.5125],
			"to": [9.045, 13.385, 8.015],
			"rotation": {"angle": 0, "axis": "y", "origin": [0, 3, 5]},
			"faces": {
				"north": {"uv": [3.25, 2.75, 3.75, 3.25], "texture": "#backpack"},
				"east": {"uv": [3.25, 2.75, 3.5, 3.25], "texture": "#backpack"},
				"south": {"uv": [3.25, 2.75, 3.75, 3.25], "texture": "#backpack"},
				"west": {"uv": [3.5, 2.75, 3.75, 3.25], "texture": "#backpack"},
				"up": {"uv": [3.25, 2.75, 3.75, 3], "texture": "#backpack"},
				"down": {"uv": [3.25, 3, 3.75, 3.25], "texture": "#backpack"}
			}
		},
		{
			"from": [4.02, 11.375, 8.015],
			"to": [12.06, 12.38, 9.02],
			"rotation": {"angle": 0, "axis": "y", "origin": [0, 3, 5]},
			"faces": {
				"north": {"uv": [2.5, 3, 4.5, 3.25], "texture": "#backpack"},
				"east": {"uv": [2.5, 3, 2.75, 3.25], "texture": "#backpack"},
				"south": {"uv": [2.5, 3, 4.5, 3.25], "texture": "#backpack"},
				"west": {"uv": [2.5, 3, 2.75, 3.25], "texture": "#backpack"},
				"up": {"uv": [10, 12, 18, 13], "texture": "#backpack"},
				"down": {"uv": [2.5, 3, 4.5, 3.25], "texture": "#backpack"}
			}
		},
		{
			"from": [3.015, 12.38, 8.015],
			"to": [13.065, 16.4, 9.02],
			"rotation": {"angle": 0, "axis": "y", "origin": [0, 3, 5]},
			"faces": {
				"north": {"uv": [2.25, 2, 4.75, 3], "texture": "#backpack"},
				"east": {"uv": [2.25, 2, 2.5, 3], "texture": "#backpack"},
				"south": {"uv": [2.25, 2, 4.75, 3], "texture": "#backpack"},
				"west": {"uv": [4.5, 2, 4.75, 3], "texture": "#backpack"},
				"up": {"uv": [2.25, 2, 4.75, 2.25], "texture": "#backpack"},
				"down": {"uv": [2.25, 2.75, 4.75, 3], "texture": "#backpack"}
			}
		},
		{
			"from": [2.01, 0.32, 9.02],
			"to": [14.07, 16.4, 17.06],
			"rotation": {"angle": 0, "axis": "y", "origin": [0, 3, 5]},
			"faces": {
				"north": {"uv": [2, 2, 5, 6], "texture": "#backpack"},
				"east": {"uv": [0, 2, 2, 6], "texture": "#backpack"},
				"south": {"uv": [7, 2, 10, 6], "texture": "#backpack"},
				"west": {"uv": [5, 2, 7, 6], "texture": "#backpack"},
				"up": {"uv": [2, 0, 5, 2], "texture": "#backpack"},
				"down": {"uv": [5, 0, 8, 2], "texture": "#backpack"}
			}
		}
	],
	"gui_light": "front",
	"display": {
		"thirdperson_righthand": {
			"rotation": [74, 99, -3],
			"translation": [-0.75, -1, -2.5],
			"scale": [0.4, 0.4, 0.4]
		},
		"thirdperson_lefthand": {
			"rotation": [73, -180, -1],
			"translation": [-6, -12, 8.25],
			"scale": [0.65, 0.65, 0.65]
		},
		"firstperson_righthand": {
			"rotation": [0, 102, 0],
			"translation": [-0.25, 0, 0],
			"scale": [0.5, 0.5, 0.5]
		},
		"firstperson_lefthand": {
			"scale": [0, 0, 0]
		},
		"ground": {
			"translation": [0, 1.25, 0.25],
			"scale": [0.6, 0.6, 0.6]
		},
		"gui": {
			"rotation": [0, -180, 0],
			"translation": [0, -0.75, 0],
			"scale": [0.8, 0.8, 0.8]
		},
		"head": {
			"rotation": [0, -180, 0],
			"translation": [0, 0, 16]
		},
		"fixed": {
			"translation": [0, -0.5, -5.75]
		}
	},
	"groups": [
		{
			"name": "group",
			"origin": [8, 8, 8],
			"children": [0, 1, 2, 3, 4, 5, 6, 7, 8, 9, 10, 11, 12, 13, 14, 15, 16, 17, 18, 19, 20, 21, 22, 23, 24]
		}
	]
}