{
  "variants": {
    "": [
	{"model": "minecraft:block/cactus", "y": 90, "weight":5},
	{"model": "minecraft:block/cactus", "y": 180, "weight":5},
	{"model": "minecraft:block/cactus", "y": 270, "weight":5},
	{"model": "minecraft:block/cactus5", "y": 90, "weight":5},
	{"model": "minecraft:block/cactus5", "y": 180, "weight":5},
	{"model": "minecraft:block/cactus5", "y": 270, "weight":5},
	{"model": "minecraft:block/cactus2", "y": 90, "weight":1},
	{"model": "minecraft:block/cactus2", "y": 180, "weight":1},
	{"model": "minecraft:block/cactus2", "y": 270, "weight":1},
	{"model": "minecraft:block/cactus3", "y": 90, "weight":1},
	{"model": "minecraft:block/cactus3", "y": 180, "weight":1},
	{"model": "minecraft:block/cactus3", "y": 270, "weight":1},
	{"model": "minecraft:block/cactus4", "y": 90, "weight":1},
	{"model": "minecraft:block/cactus4", "y": 180, "weight":1},
	{"model": "minecraft:block/cactus4", "y": 270, "weight":1},
	{"model": "minecraft:block/cactus6", "y": 90, "weight":1},
	{"model": "minecraft:block/cactus6", "y": 180, "weight":1},
	{"model": "minecraft:block/cactus6", "y": 270, "weight":1},
	{"model": "minecraft:block/cactus7", "y": 90, "weight":1},
	{"model": "minecraft:block/cactus7", "y": 180, "weight":1},
	{"model": "minecraft:block/cactus7", "y": 270, "weight":1}
	]
  }
}