{
    "variants": {
        "": [
        	{ "model": "block/dark_oak_leaves_0", "weight": 7 },
        	{ "model": "block/dark_oak_leaves_1", "weight": 7 },
        	{ "model": "block/dark_oak_leaves_2", "weight": 7 },
        	{ "model": "block/dark_oak_leaves_3", "weight": 7 },
        	{ "model": "block/dark_oak_leaves_falling_0", "weight": 1 },
        	{ "model": "block/dark_oak_leaves_falling_1", "weight": 1 },
        	{ "model": "block/dark_oak_leaves_falling_2", "weight": 1 }
        ]
    }
}
