{
    "variants": {
        "": [
        	{ "model": "block/oak_leaves_0", "weight": 20 },
        	{ "model": "block/oak_leaves_1", "weight": 20 },
        	{ "model": "block/oak_leaves_2", "weight": 20 },
        	{ "model": "block/oak_leaves_3", "weight": 20 },
        	{ "model": "block/oak_leaves_falling_0", "weight": 1 },
        	{ "model": "block/oak_leaves_falling_1", "weight": 1 },
        	{ "model": "block/oak_leaves_falling_2", "weight": 1 },
            { "model": "block/oak_leaves_falling_3", "weight": 1 }
        ]
    }
}
