{
	"providers": [
		{
                  "type": "bitmap",
                  "file": "minecraft:font/clock.png",
                  "ascent": 8,
                  "height": 10,
                  "chars": ["⠁"]
		},
		{
                  "type": "bitmap",
                  "file": "minecraft:font/heart.png",
                  "ascent": 8,
                  "height": 8,
                  "chars": ["⠂"]
		},
		{
                  "type": "bitmap",
                  "file": "minecraft:font/food.png",
                  "ascent": 8,
                  "height": 8,
                  "chars": ["⠃"]
            },
            {
                  "type": "bitmap",
                  "file": "minecraft:font/speed.png",
                  "ascent": 8,
                  "height": 8,
                  "chars": ["⠄"]
		},
		{
                  "type": "bitmap",
                  "file": "minecraft:font/strength.png",
                  "ascent": 8,
                  "height": 8,
                  "chars": ["⠅"]
		},
		{
                  "type": "bitmap",
                  "file": "minecraft:font/absorption.png",
                  "ascent": 8,
                  "height": 8,
                  "chars": ["⠆"]
		},
		{
                  "type": "bitmap",
                  "file": "minecraft:font/fire_resistance.png",
                  "ascent": 8,
                  "height": 8,
                  "chars": ["⠇"]
		},
		{
                  "type": "bitmap",
                  "file": "minecraft:font/night_vision.png",
                  "ascent": 8,
                  "height": 8,
                  "chars": ["⠈"]
		},
		{
                  "type": "bitmap",
                  "file": "minecraft:font/water_breathing.png",
                  "ascent": 8,
                  "height": 8,
                  "chars": ["⠉"]
		},
		{
                  "type": "bitmap",
                  "file": "minecraft:font/mining_fatigue.png",
                  "ascent": 8,
                  "height": 8,
                  "chars": ["⠊"]
		},
		{
                  "type": "bitmap",
                  "file": "minecraft:font/weakness.png",
                  "ascent": 8,
                  "height": 8,
                  "chars": ["⠋"]
		},
		{
                  "type": "bitmap",
                  "file": "minecraft:font/luck.png",
                  "ascent": 8,
                  "height": 8,
                  "chars": ["⠌"]
		},
		{
                  "type": "bitmap",
                  "file": "minecraft:font/dolphin_grace.png",
                  "ascent": 8,
                  "height": 8,
                  "chars": ["⠍"]
		},
		{
                  "type": "bitmap",
                  "file": "minecraft:font/nausea.png",
                  "ascent": 8,
                  "height": 8,
                  "chars": ["⠎"]
		},
		{
                  "type": "bitmap",
                  "file": "minecraft:font/haste.png",
                  "ascent": 8,
                  "height": 8,
                  "chars": ["⠏"]
		},
            {
                  "type": "bitmap",
                  "file": "minecraft:ziur/emojis/angry.png",
                  "ascent": 8,
                  "height": 8,
                  "chars": ["⠐"]
            },
            {
                  "type": "bitmap",
                  "file": "minecraft:ziur/emojis/crying.png",
                  "ascent": 8,
                  "height": 8,
                  "chars": ["⠑"]
            },
            {
                  "type": "bitmap",
                  "file": "minecraft:ziur/emojis/eyes.png",
                  "ascent": 8,
                  "height": 8,
                  "chars": ["⠒"]
            },
            {
                  "type": "bitmap",
                  "file": "minecraft:ziur/emojis/happy.png",
                  "ascent": 8,
                  "height": 8,
                  "chars": ["⠓"]
            },
            {
                  "type": "bitmap",
                  "file": "minecraft:ziur/emojis/joy.png",
                  "ascent": 8,
                  "height": 8,
                  "chars": ["⠔"]
            },
            {
                  "type": "bitmap",
                  "file": "minecraft:ziur/emojis/scream.png",
                  "ascent": 8,
                  "height": 8,
                  "chars": ["⠕"]
            },
            {
                  "type": "bitmap",
                  "file": "minecraft:ziur/emojis/serious.png",
                  "ascent": 8,
                  "height": 8,
                  "chars": ["⠖"]
            },
            {
                  "type": "bitmap",
                  "file": "minecraft:ziur/emojis/smile.png",
                  "ascent": 8,
                  "height": 8,
                  "chars": ["⠗"]
            },
            {
                  "type": "bitmap",
                  "file": "minecraft:ziur/emojis/sunglasses.png",
                  "ascent": 8,
                  "height": 8,
                  "chars": ["⠘"]
            },
            {
                  "type": "bitmap",
                  "file": "minecraft:ziur/emojis/surprised.png",
                  "ascent": 8,
                  "height": 8,
                  "chars": ["⠙"]
            },
            {
                  "type": "bitmap",
                  "file": "minecraft:ziur/emojis/thinking.png",
                  "ascent": 8,
                  "height": 8,
                  "chars": ["⠚"]
            },
            {
                  "type": "bitmap",
                  "file": "minecraft:ziur/emojis/lzjmom.png",
                  "ascent": 8,
                  "height": 8,
                  "chars": ["⠱"]
            },					
            {
                  "type": "bitmap",
                  "file": "minecraft:gui/health_bar_1.png",
                  "ascent": 8,
                  "height": 9,
                  "chars": ["⠛"]
            },
            {
                  "type": "bitmap",
                  "file": "minecraft:gui/health_bar_2.png",
                  "ascent": 8,
                  "height": 9,
                  "chars": ["⠜"]
            },	
            {
                  "type": "bitmap",
                  "file": "minecraft:gui/health_bar_3.png",
                  "ascent": 8,
                  "height": 9,
                  "chars": ["⠝"]
            },	
            {
                  "type": "bitmap",
                  "file": "minecraft:ziur/rank/owner.png",
                  "ascent": 7.5,
                  "height": 8,
                  "chars": ["⠽"]		
            },	
            {
                  "type": "bitmap",
                  "file": "minecraft:ziur/rank/admin.png",
                  "ascent": 7.5,
                  "height": 8,
                  "chars": ["⠾"]	
            },	
            {
                  "type": "bitmap",
                  "file": "minecraft:ziur/rank/mod.png",
                  "ascent": 7.5,
                  "height": 8,
                  "chars": ["⠿"]		
            },	
            {
                  "type": "bitmap",
                  "file": "minecraft:ziur/rank/iron.png",
                  "ascent": 7.5,
                  "height": 8,
                  "chars": ["⠹"]				
            },	
            {
                  "type": "bitmap",
                  "file": "minecraft:ziur/rank/gold.png",
                  "ascent": 7.5,
                  "height": 8,
                  "chars": ["⠸"]			
            },	
            {
                  "type": "bitmap",
                  "file": "minecraft:ziur/rank/diamond.png",
                  "ascent": 7.5,
                  "height": 8,
                  "chars": ["⠷"]		
            },	
            {
                  "type": "bitmap",
                  "file": "minecraft:ziur/rank/emerald.png",
                  "ascent": 7.5,
                  "height": 8,
                  "chars": ["⠶"]		
            },	
            {
                  "type": "bitmap",
                  "file": "minecraft:ziur/rank/up.png",
                  "ascent": 7.5,
                  "height": 8,
                  "chars": ["⠵"]		
            },	
            {
                  "type": "bitmap",
                  "file": "minecraft:ziur/rank/zhubo.png",
                  "ascent": 7.5,
                  "height": 8,
                  "chars": ["⠴"]			
            },	
            {
                  "type": "bitmap",
                  "file": "minecraft:ziur/rank/build.png",
                  "ascent": 7.5,
                  "height": 8,
                  "chars": ["⠰"]					  
            },	
            {
                  "type": "bitmap",
                  "file": "minecraft:ziur/rank/helper.png",
                  "ascent": 7.5,
                  "height": 8,
                  "chars": ["⠲"]					  
            },				
            {
                  "type": "bitmap",
                  "file": "minecraft:ziur/rank/default.png",
                  "ascent": 7.5,
                  "height": 8,
                  "chars": ["⠳"]					  
            },	
            {
                  "type": "bitmap",
                  "file": "minecraft:ziur/logo/kaleelogowhite.png",
                  "ascent": 15,
                  "height": 15,
                  "chars": ["⠼"]	
            },	
            {
                  "type": "bitmap",
                  "file": "minecraft:ziur/logo/yuming.png",
                  "ascent": 15,
                  "height": 15,
                  "chars": ["⠻"]		
            },	
            {
                  "type": "bitmap",
                  "file": "minecraft:ziur/logo/title.png",
                  "ascent": 15,
                  "height": 15,
                  "chars": ["⠺"]		
            },	
            {
                  "type": "bitmap",
                  "file": "minecraft:ziur/dyemojis/aixin.png",
                  "ascent": 8,
                  "height": 8,
                  "chars": ["⠯"]		
            },	
            {
                  "type": "bitmap",
                  "file": "minecraft:ziur/dyemojis/bukan.png",
                  "ascent": 8,
                  "height": 8,
                  "chars": ["⠮"]			
            },	
            {
                  "type": "bitmap",
                  "file": "minecraft:ziur/dyemojis/daxiao.png",
                  "ascent": 8,
                  "height": 8,
                  "chars": ["⠭"]			
            },	
            {
                  "type": "bitmap",
                  "file": "minecraft:ziur/dyemojis/daxiao.png",
                  "ascent": 8,
                  "height": 8,
                  "chars": ["⠭"]			
            },	
            {
                  "type": "bitmap",
                  "file": "minecraft:ziur/dyemojis/deyi.png",
                  "ascent": 8,
                  "height": 8,
                  "chars": ["⠬"]		
            },	
            {
                  "type": "bitmap",
                  "file": "minecraft:ziur/dyemojis/gaxiao.png",
                  "ascent": 8,
                  "height": 8,
                  "chars": ["⠫"]	
            },	
            {
                  "type": "bitmap",
                  "file": "minecraft:ziur/dyemojis/geili.png",
                  "ascent": 8,
                  "height": 8,
                  "chars": ["⠪"]		
            },	
            {
                  "type": "bitmap",
                  "file": "minecraft:ziur/dyemojis/haipa.png",
                  "ascent": 8,
                  "height": 8,
                  "chars": ["⠩"]		
            },	
            {
                  "type": "bitmap",
                  "file": "minecraft:ziur/dyemojis/hehe.png",
                  "ascent": 8,
                  "height": 8,
                  "chars": ["⠨"]			
            },	
            {
                  "type": "bitmap",
                  "file": "minecraft:ziur/dyemojis/jingya.png",
                  "ascent": 8,
                  "height": 8,
                  "chars": ["⠧"]			
            },	
            {
                  "type": "bitmap",
                  "file": "minecraft:ziur/dyemojis/ku.png",
                  "ascent": 8,
                  "height": 8,
                  "chars": ["⠦"]		
            },	
            {
                  "type": "bitmap",
                  "file": "minecraft:ziur/dyemojis/kuxiao.png",
                  "ascent": 8,
                  "height": 8,
                  "chars": ["⠥"]	
            },	
            {
                  "type": "bitmap",
                  "file": "minecraft:ziur/dyemojis/se.png",
                  "ascent": 8,
                  "height": 8,
                  "chars": ["⠤"]		
            },	
            {
                  "type": "bitmap",
                  "file": "minecraft:ziur/dyemojis/shi.png",
                  "ascent": 8,
                  "height": 8,
                  "chars": ["⠣"]		
            },	
            {
                  "type": "bitmap",
                  "file": "minecraft:ziur/dyemojis/tushe.png",
                  "ascent": 8,
                  "height": 8,
                  "chars": ["⠢"]		
            },	
            {
                  "type": "bitmap",
                  "file": "minecraft:ziur/dyemojis/wulian.png",
                  "ascent": 8,
                  "height": 8,
                  "chars": ["⠡"]		
            },	
            {
                  "type": "bitmap",
                  "file": "minecraft:ziur/dyemojis/fanu.png",
                  "ascent": 8,
                  "height": 8,
                  "chars": ["⠠"]	
            },	
            {
                  "type": "bitmap",
                  "file": "minecraft:ziur/dyemojis/ciya.png",
                  "ascent": 8,
                  "height": 8,
                  "chars": ["⠟"]		
            },	
            {
                  "type": "bitmap",
                  "file": "minecraft:ziur/test/effectsbar.png",
                  "ascent": 13,
                  "height": 256,
                  "chars": ["盏缛"]		
            },	
            {
                  "type": "bitmap",
                  "file": "minecraft:ziur/test/uitest.png",
                  "ascent": 19,
                  "height": 133,
                  "chars": ["盆鉊岔贫忿居","掣箸髃歇逵匦","鼢馝的骜篝君","씖암脖씓압鬟","씔씕颁邠服蓄","廨瘕蝶酾色厛","弸弹锩饲马嚍","馍铟钾捧敖薪","啖欢踯吐喻劻","はばぱひびぴ"]				  
		}
		
	]
}