{
    "parent": "item/generated",
    "textures": {
        "layer0": "item/leather_horse_armor"
	},
	"overrides": [
		{"predicate": {"custom_model_data":1}, "model": "item/more_stuff/normal"},
        {"predicate": {"custom_model_data":2}, "model": "item/more_stuff/blue"},
        {"predicate": {"custom_model_data":3}, "model": "item/more_stuff/yellow"},
        {"predicate": {"custom_model_data":4}, "model": "item/more_stuff/white"},
        {"predicate": {"custom_model_data":5}, "model": "item/more_stuff/orange"},
        {"predicate": {"custom_model_data":6}, "model": "item/more_stuff/black"},
        {"predicate": {"custom_model_data":7}, "model": "item/more_stuff/magenta"},
        {"predicate": {"custom_model_data":8}, "model": "item/more_stuff/light_blue"},
        {"predicate": {"custom_model_data":9}, "model": "item/more_stuff/lime"},
        {"predicate": {"custom_model_data":10}, "model": "item/more_stuff/pink"},
        {"predicate": {"custom_model_data":11}, "model": "item/more_stuff/gray"},
        {"predicate": {"custom_model_data":12}, "model": "item/more_stuff/light_gray"},
        {"predicate": {"custom_model_data":13}, "model": "item/more_stuff/cyan"},
        {"predicate": {"custom_model_data":14}, "model": "item/more_stuff/purple"},
        {"predicate": {"custom_model_data":15}, "model": "item/more_stuff/green"},
        {"predicate": {"custom_model_data":16}, "model": "item/more_stuff/red"},
        {"predicate": {"custom_model_data":20}, "model": "item/more_stuff/multicolor"}
	]
}