{
	"parent": "block/block",
	"ambientocclusion": false,
	"textures": {
		"3": "block/cactus_side2",
		"4": "block/cactus_side3",
		"5": "block/cactus_side4",
		"6": "block/cactus_side5",
		"bottom": "block/cactus_bottom",
		"top": "block/cactus_top",
		"particle": "block/cactus_side",
		"side": "block/cactus_side"
	},
	"elements": [
		{
			"from": [0, 0, 0],
			"to": [16, 16, 16],
			"faces": {
				"up": {"uv": [0, 0, 16, 16], "texture": "#top", "cullface": "up"},
				"down": {"uv": [0, 0, 16, 16], "texture": "#bottom", "cullface": "down"}
			}
		},
		{
			"from": [6, 4, 15],
			"to": [10, 8, 22],
			"faces": {
				"north": {"uv": [0, 0, 16, 16], "texture": "#6"},
				"east": {"uv": [11, 4, 15, 11], "rotation": 90, "texture": "#6"},
				"south": {"uv": [11, 4, 15, 8], "texture": "#5"},
				"west": {"uv": [2, 8, 6, 15], "rotation": 90, "texture": "#side"},
				"up": {"uv": [5, 9, 9, 16], "texture": "#6"},
				"down": {"uv": [11, 9, 15, 16], "texture": "#6"}
			}
		},
		{
			"from": [10, 10, 22],
			"to": [11, 11, 22],
			"faces": {
				"north": {"uv": [15, 11, 16, 12], "texture": "#3"},
				"south": {"uv": [15, 10, 16, 11], "texture": "#6"}
			}
		},
		{
			"from": [10, 6, 22],
			"to": [11, 7, 22],
			"faces": {
				"north": {"uv": [15, 11, 16, 12], "texture": "#3"},
				"south": {"uv": [15, 10, 16, 11], "texture": "#6"}
			}
		},
		{
			"from": [10, 11, 18],
			"to": [11, 12, 18],
			"faces": {
				"north": {"uv": [15, 10, 16, 11], "texture": "#3"},
				"south": {"uv": [15, 11, 16, 12], "texture": "#6"}
			}
		},
		{
			"from": [10, 4, 22],
			"to": [10, 5, 23],
			"faces": {
				"north": {"uv": [15, 11, 16, 12], "texture": "#3"},
				"east": {"uv": [0, 6, 1, 7], "texture": "#6"},
				"south": {"uv": [15, 10, 16, 11], "texture": "#6"}
			}
		},
		{
			"from": [6, 9, 17],
			"to": [6, 10, 18],
			"faces": {
				"north": {"uv": [15, 11, 16, 12], "texture": "#6"},
				"east": {"uv": [0, 14, 1, 15], "texture": "#6"},
				"south": {"uv": [15, 10, 16, 11], "texture": "#6"},
				"west": {"uv": [1, 12, 2, 13], "texture": "#6"},
				"up": {"uv": [0, 0, 0, 0], "texture": "#6"},
				"down": {"uv": [0, 0, 0, 0], "texture": "#6"}
			}
		},
		{
			"from": [5, 4, 16],
			"to": [6, 4, 17],
			"faces": {
				"north": {"uv": [15, 10, 16, 11], "texture": "#6"},
				"east": {"uv": [0, 14, 1, 15], "texture": "#6"},
				"south": {"uv": [15, 10, 16, 11], "texture": "#6"},
				"west": {"uv": [1, 12, 2, 13], "texture": "#6"},
				"up": {"uv": [0, 0, 1, 1], "texture": "#6"},
				"down": {"uv": [15, 10, 16, 11], "texture": "#6"}
			}
		},
		{
			"from": [10, 4, 20],
			"to": [11, 4, 21],
			"faces": {
				"north": {"uv": [15, 10, 16, 11], "texture": "#6"},
				"east": {"uv": [0, 14, 1, 15], "texture": "#6"},
				"south": {"uv": [15, 10, 16, 11], "texture": "#6"},
				"west": {"uv": [1, 12, 2, 13], "texture": "#6"},
				"up": {"uv": [0, 0, 1, 1], "texture": "#6"},
				"down": {"uv": [15, 10, 16, 11], "texture": "#6"}
			}
		},
		{
			"from": [5, 8, 16],
			"to": [6, 8, 17],
			"faces": {
				"north": {"uv": [15, 10, 16, 11], "texture": "#6"},
				"east": {"uv": [0, 14, 1, 15], "texture": "#6"},
				"south": {"uv": [15, 10, 16, 11], "texture": "#6"},
				"west": {"uv": [1, 12, 2, 13], "texture": "#6"},
				"up": {"uv": [0, 2, 1, 3], "texture": "#6"},
				"down": {"uv": [15, 11, 16, 12], "texture": "#6"}
			}
		},
		{
			"from": [6, 8, 18],
			"to": [10, 12, 22],
			"faces": {
				"north": {"uv": [11, 3, 15, 7], "texture": "#6"},
				"east": {"uv": [11, 11, 15, 15], "texture": "#6"},
				"south": {"uv": [11, 9, 15, 13], "texture": "#side"},
				"west": {"uv": [11, 6, 15, 10], "texture": "#6"},
				"up": {"uv": [7, 7, 11, 11], "texture": "#top"},
				"down": {"uv": [0, 0, 0, 0], "texture": "#missing"}
			}
		},
		{
			"from": [0, 0, 1],
			"to": [16, 16, 15],
			"faces": {
				"north": {"uv": [0, 0, 16, 16], "texture": "#3"},
				"south": {"uv": [0, 0, 16, 16], "texture": "#4"}
			}
		},
		{
			"from": [1, 0, 0],
			"to": [15, 16, 16],
			"faces": {
				"east": {"uv": [0, 0, 16, 16], "texture": "#side"},
				"west": {"uv": [0, 0, 16, 16], "texture": "#side"}
			}
		}
	]
}