{
	"parent": "block/block",
	"ambientocclusion": false,
	"textures": {
		"3": "block/cactus_side2",
		"4": "block/cactus_side3",
		"5": "block/cactus_side4",
		"6": "block/cactus_side5",
		"bottom": "block/cactus_bottom",
		"top": "block/cactus_top",
		"particle": "block/cactus_side",
		"side": "block/cactus_side"
	},
	"elements": [
		{
			"name": "main",
			"from": [0, 0, 0],
			"to": [16, 16, 16],
			"faces": {
				"up": {"uv": [0, 0, 16, 16], "texture": "#top", "cullface": "up"},
				"down": {"uv": [0, 0, 16, 16], "texture": "#bottom", "cullface": "down"}
			}
		},
		{
			"name": "main",
			"from": [0, 0, 1],
			"to": [16, 16, 15],
			"faces": {
				"north": {"uv": [0, 0, 16, 16], "texture": "#4"},
				"south": {"uv": [0, 0, 16, 16], "texture": "#4"}
			}
		},
		{
			"name": "main",
			"from": [1, 0, 0],
			"to": [15, 16, 16],
			"faces": {
				"east": {"uv": [0, 0, 16, 16], "texture": "#3"},
				"west": {"uv": [0, 0, 16, 16], "texture": "#side"}
			}
		},
		{
			"name": "prickles",
			"from": [10, 8, 16],
			"to": [11, 8, 17],
			"rotation": {"angle": 0, "axis": "y", "origin": [6, 4, 22]},
			"faces": {
				"north": {"uv": [15, 10, 16, 11], "texture": "#6"},
				"east": {"uv": [0, 14, 1, 15], "texture": "#6"},
				"south": {"uv": [15, 10, 16, 11], "texture": "#6"},
				"west": {"uv": [1, 12, 2, 13], "texture": "#6"},
				"up": {"uv": [0, 2, 1, 3], "texture": "#6"},
				"down": {"uv": [15, 11, 16, 12], "texture": "#6"}
			}
		},
		{
			"name": "prickles",
			"from": [5, 4, 16],
			"to": [6, 4, 17],
			"rotation": {"angle": 0, "axis": "y", "origin": [6, 4, 22]},
			"faces": {
				"north": {"uv": [15, 10, 16, 11], "texture": "#6"},
				"east": {"uv": [0, 14, 1, 15], "texture": "#6"},
				"south": {"uv": [15, 10, 16, 11], "texture": "#6"},
				"west": {"uv": [1, 12, 2, 13], "texture": "#6"},
				"up": {"uv": [0, 0, 1, 1], "texture": "#6"},
				"down": {"uv": [15, 10, 16, 11], "texture": "#6"}
			}
		},
		{
			"name": "prickles",
			"from": [6, 3, 19],
			"to": [6, 4, 20],
			"rotation": {"angle": 0, "axis": "y", "origin": [6, 4, 22]},
			"faces": {
				"north": {"uv": [15, 11, 16, 12], "texture": "#6"},
				"east": {"uv": [0, 14, 1, 15], "texture": "#6"},
				"south": {"uv": [15, 10, 16, 11], "texture": "#6"},
				"west": {"uv": [1, 12, 2, 13], "texture": "#6"},
				"up": {"uv": [0, 0, 0, 0], "texture": "#6"},
				"down": {"uv": [0, 0, 0, 0], "texture": "#6"}
			}
		},
		{
			"name": "prickles",
			"from": [6, 9, 17],
			"to": [6, 10, 18],
			"rotation": {"angle": 0, "axis": "y", "origin": [6, 4, 22]},
			"faces": {
				"north": {"uv": [15, 11, 16, 12], "texture": "#6"},
				"east": {"uv": [0, 14, 1, 15], "texture": "#6"},
				"south": {"uv": [15, 10, 16, 11], "texture": "#6"},
				"west": {"uv": [1, 12, 2, 13], "texture": "#6"},
				"up": {"uv": [0, 0, 0, 0], "texture": "#6"},
				"down": {"uv": [0, 0, 0, 0], "texture": "#6"}
			}
		},
		{
			"name": "prickles",
			"from": [6, 8, -7],
			"to": [6, 9, -6],
			"rotation": {"angle": 0, "axis": "y", "origin": [6, 4, 22]},
			"faces": {
				"north": {"uv": [15, 11, 16, 12], "texture": "#6"},
				"east": {"uv": [0, 14, 1, 15], "texture": "#6"},
				"south": {"uv": [15, 10, 16, 11], "texture": "#6"},
				"west": {"uv": [1, 12, 2, 13], "texture": "#6"},
				"up": {"uv": [0, 0, 0, 0], "texture": "#6"},
				"down": {"uv": [0, 0, 0, 0], "texture": "#6"}
			}
		},
		{
			"name": "prickles",
			"from": [10, 8, 22],
			"to": [10, 9, 23],
			"rotation": {"angle": 0, "axis": "y", "origin": [6, 4, 22]},
			"faces": {
				"north": {"uv": [15, 11, 16, 12], "texture": "#3"},
				"east": {"uv": [0, 12, 1, 13], "texture": "#6"},
				"south": {"uv": [15, 10, 16, 11], "texture": "#6"}
			}
		},
		{
			"name": "prickles",
			"from": [10, 4, 22],
			"to": [10, 5, 23],
			"rotation": {"angle": 0, "axis": "y", "origin": [6, 4, 22]},
			"faces": {
				"north": {"uv": [15, 11, 16, 12], "texture": "#3"},
				"east": {"uv": [0, 6, 1, 7], "texture": "#6"},
				"south": {"uv": [15, 10, 16, 11], "texture": "#6"}
			}
		},
		{
			"name": "prickles",
			"from": [5, 9, 18],
			"to": [6, 10, 18],
			"rotation": {"angle": 0, "axis": "y", "origin": [6, 4, 22]},
			"faces": {
				"north": {"uv": [14, 5, 15, 6], "texture": "#3"},
				"south": {"uv": [15, 11, 16, 12], "texture": "#6"}
			}
		},
		{
			"name": "prickles",
			"from": [10, 11, 18],
			"to": [11, 12, 18],
			"rotation": {"angle": 0, "axis": "y", "origin": [6, 4, 22]},
			"faces": {
				"north": {"uv": [15, 10, 16, 11], "texture": "#3"},
				"south": {"uv": [15, 11, 16, 12], "texture": "#6"}
			}
		},
		{
			"name": "arm",
			"from": [6, 8, 18],
			"to": [10, 12, 22],
			"rotation": {"angle": 0, "axis": "y", "origin": [6, 4, 22]},
			"faces": {
				"north": {"uv": [11, 3, 15, 7], "texture": "#6"},
				"east": {"uv": [11, 11, 15, 15], "texture": "#6"},
				"south": {"uv": [11, 9, 15, 13], "texture": "#side"},
				"west": {"uv": [11, 12, 15, 16], "texture": "#6"},
				"up": {"uv": [7, 7, 11, 11], "texture": "#top"},
				"down": {"uv": [0, 0, 0, 0], "texture": "#missing"}
			}
		},
		{
			"name": "arm",
			"from": [6, 4, 15],
			"to": [10, 8, 22],
			"rotation": {"angle": 0, "axis": "y", "origin": [6, 4, 22]},
			"faces": {
				"north": {"uv": [0, 0, 16, 16], "texture": "#6"},
				"east": {"uv": [11, 4, 15, 11], "rotation": 90, "texture": "#6"},
				"south": {"uv": [11, 4, 15, 8], "texture": "#5"},
				"west": {"uv": [2, 8, 6, 15], "rotation": 90, "texture": "#side"},
				"up": {"uv": [5, 9, 9, 16], "texture": "#6"},
				"down": {"uv": [11, 9, 15, 16], "texture": "#6"}
			}
		},
		{
			"name": "prickles",
			"from": [5, 8, -1],
			"to": [6, 8, 0],
			"rotation": {"angle": 0, "axis": "y", "origin": [22, 2, 4]},
			"faces": {
				"north": {"uv": [15, 10, 16, 11], "texture": "#6"},
				"east": {"uv": [1, 12, 2, 13], "texture": "#6"},
				"south": {"uv": [15, 10, 16, 11], "texture": "#6"},
				"west": {"uv": [0, 14, 1, 15], "texture": "#6"},
				"up": {"uv": [0, 2, 1, 3], "rotation": 180, "texture": "#6"},
				"down": {"uv": [15, 11, 16, 12], "rotation": 180, "texture": "#6"}
			}
		},
		{
			"name": "prickles",
			"from": [5, 4, -5],
			"to": [6, 4, -4],
			"rotation": {"angle": 0, "axis": "y", "origin": [22, 2, 4]},
			"faces": {
				"north": {"uv": [15, 10, 16, 11], "texture": "#6"},
				"east": {"uv": [1, 12, 2, 13], "texture": "#6"},
				"south": {"uv": [15, 10, 16, 11], "texture": "#6"},
				"west": {"uv": [0, 14, 1, 15], "texture": "#6"},
				"up": {"uv": [0, 0, 1, 1], "rotation": 180, "texture": "#6"},
				"down": {"uv": [14, 10, 15, 11], "rotation": 180, "texture": "#6"}
			}
		},
		{
			"name": "prickles",
			"from": [10, 4, -1],
			"to": [11, 4, 0],
			"rotation": {"angle": 0, "axis": "y", "origin": [22, 2, 4]},
			"faces": {
				"north": {"uv": [15, 10, 16, 11], "texture": "#6"},
				"east": {"uv": [1, 12, 2, 13], "texture": "#6"},
				"south": {"uv": [15, 10, 16, 11], "texture": "#6"},
				"west": {"uv": [0, 14, 1, 15], "texture": "#6"},
				"up": {"uv": [0, 0, 1, 1], "rotation": 180, "texture": "#6"},
				"down": {"uv": [15, 10, 16, 11], "rotation": 180, "texture": "#6"}
			}
		},
		{
			"name": "prickles",
			"from": [10, 9, -2],
			"to": [11, 10, -2],
			"rotation": {"angle": 0, "axis": "y", "origin": [22, 2, 4]},
			"faces": {
				"north": {"uv": [15, 11, 16, 12], "texture": "#6"},
				"south": {"uv": [14, 5, 15, 6], "texture": "#3"}
			}
		},
		{
			"name": "prickles",
			"from": [5, 11, -2],
			"to": [6, 12, -2],
			"rotation": {"angle": 0, "axis": "y", "origin": [22, 2, 4]},
			"faces": {
				"north": {"uv": [15, 11, 16, 12], "texture": "#6"},
				"south": {"uv": [15, 10, 16, 11], "texture": "#3"}
			}
		},
		{
			"name": "arm",
			"from": [6, 8, -6],
			"to": [10, 12, -2],
			"rotation": {"angle": 0, "axis": "y", "origin": [22, 2, 4]},
			"faces": {
				"north": {"uv": [11, 6, 15, 10], "texture": "#side"},
				"east": {"uv": [11, 12, 15, 16], "texture": "#6"},
				"south": {"uv": [11, 3, 15, 7], "texture": "#6"},
				"west": {"uv": [11, 11, 15, 15], "texture": "#6"},
				"up": {"uv": [7, 7, 11, 11], "rotation": 180, "texture": "#top"},
				"down": {"uv": [0, 0, 0, 0], "rotation": 180, "texture": "#missing"}
			}
		},
		{
			"name": "arm",
			"from": [6, 4, -6],
			"to": [10, 8, 1],
			"rotation": {"angle": 0, "axis": "y", "origin": [22, 2, 4]},
			"faces": {
				"north": {"uv": [11, 4, 15, 8], "texture": "#5"},
				"east": {"uv": [6, 7, 10, 14], "rotation": 90, "texture": "#side"},
				"south": {"uv": [0, 0, 16, 16], "texture": "#6"},
				"west": {"uv": [11, 6, 15, 13], "rotation": 90, "texture": "#6"},
				"up": {"uv": [5, 9, 9, 16], "rotation": 180, "texture": "#6"},
				"down": {"uv": [11, 9, 15, 16], "rotation": 180, "texture": "#6"}
			}
		}
	],
	"groups": [0, 1, 2,
		{
			"name": "arm1",
			"origin": [8, 8, 8],
			"children": [
				{
					"name": "prickles",
					"origin": [8, 8, 8],
					"children": [3, 4, 5, 6, 7, 8, 9, 10, 11]
				}, 12, 13]
		},
		{
			"name": "arm2",
			"origin": [8, 8, 8],
			"children": [
				{
					"name": "prickles",
					"origin": [8, 8, 8],
					"children": [14, 15, 16, 17, 18]
				}, 19, 20]
		}
	]
}