{
	"credit": "Made with Blockbench",
	"parent": "block/block",
	"textures": {
		"particle": "#all",
		"all": "block/oak_leaves",
		"bushy": "block/oak_leaves_bushy",
		"bushy_notint": "block/oak_leaves_bushy_notint"
	},
	"elements": [
		{
			"from": [0, 0, 0],
			"to": [16, 16, 16],
			"faces": {
				"north": {"uv": [0, 0, 16, 16], "texture": "#all", "cullface": "north", "tintindex": 0},
				"east": {"uv": [0, 0, 16, 16], "texture": "#all", "cullface": "east", "tintindex": 0},
				"south": {"uv": [0, 0, 16, 16], "texture": "#all", "cullface": "south", "tintindex": 0},
				"west": {"uv": [0, 0, 16, 16], "texture": "#all", "cullface": "west", "tintindex": 0},
				"up": {"uv": [0, 0, 16, 16], "texture": "#all", "cullface": "up", "tintindex": 0},
				"down": {"uv": [16, 16, 0, 0], "texture": "#all", "cullface": "down", "tintindex": 0}
			}
		},
		{
			"from": [-8, -8, 8],
			"to": [24, 24, 8.001],
			"shade": false,
			"rotation": {"angle": 22.5, "axis": "y", "origin": [8, 8, 8], "rescale": true},
			"faces": {
				"north": {"uv": [0, 0, 16, 16], "texture": "#bushy", "tintindex": 0},
				"south": {"uv": [16, 0, 0, 16], "texture": "#bushy", "tintindex": 0}
			}
		},
		{
			"from": [-8, -8, 8],
			"to": [24, 24, 8.001],
			"shade": false,
			"rotation": {"angle": 22.5, "axis": "y", "origin": [8, 8, 8], "rescale": true},
			"faces": {
				"north": {"uv": [0, 0, 16, 16], "texture": "#bushy_notint"},
				"east": {"uv": [0, 0, 0, 0], "texture": "#bushy_notint"},
				"south": {"uv": [16, 0, 0, 16], "texture": "#bushy_notint"},
				"west": {"uv": [0, 0, 0, 0], "texture": "#bushy_notint"},
				"up": {"uv": [0, 0, 0, 0], "texture": "#bushy_notint"},
				"down": {"uv": [0, 0, 0, 0], "texture": "#bushy_notint"}
			}
		},
		{
			"from": [7.999, -8, -8],
			"to": [8, 24, 24],
			"shade": false,
			"rotation": {"angle": 22.5, "axis": "y", "origin": [8, 8, 8], "rescale": true},
			"faces": {
				"east": {"uv": [0, 0, 16, 16], "texture": "#bushy", "tintindex": 0},
				"west": {"uv": [16, 0, 0, 16], "texture": "#bushy", "tintindex": 0}
			}
		},
		{
			"from": [7.999, -8, -8],
			"to": [8, 24, 24],
			"shade": false,
			"rotation": {"angle": 22.5, "axis": "y", "origin": [8, 8, 8], "rescale": true},
			"faces": {
				"north": {"uv": [0, 0, 0, 0], "texture": "#bushy_notint"},
				"east": {"uv": [0, 0, 16, 16], "texture": "#bushy_notint"},
				"south": {"uv": [0, 0, 0, 0], "texture": "#bushy_notint"},
				"west": {"uv": [16, 0, 0, 16], "texture": "#bushy_notint"},
				"up": {"uv": [0, 0, 0, 0], "texture": "#bushy_notint"},
				"down": {"uv": [0, 0, 0, 0], "texture": "#bushy_notint"}
			}
		}
	]
}