{
	"credit": "Made with Blockbench by _GrandMagus_",
	"ambientocclusion": false,
	"textures": {
		"particle": "block/vine",
		"vine": "block/vine",
		"leaves": "block/vine_leaves"
	},
	"elements": [
		{
			"from": [ 5, 3.125, 14.375 ],
			"to": [ 7, 5.125, 14.376 ],
			"rotation": { "origin": [ 5, 3.125, 14.375 ], "axis": "x", "angle": 22.5, "rescale": true },
			"faces": {
				"north": { "uv": [ 9, 11, 11, 13 ], "texture": "#leaves", "tintindex": 0 },
				"south": { "uv": [ 9, 11, 11, 13 ], "texture": "#leaves", "tintindex": 0 }
			}
		},
		{
			"from": [ 0, 0, 15.2 ],
			"to": [ 16, 16, 15.201 ],
			"shade": false,
			"faces": {
				"north": { "uv": [ 0, 0, 16, 16 ], "texture": "#vine", "tintindex": 0 },
				"south": { "uv": [ 16, 0, 0, 16 ], "texture": "#vine", "tintindex": 0 }
			}
		},
		{
			"from": [ 14, 12.125, 14.375 ],
			"to": [ 16, 14.125, 14.376 ],
			"rotation": { "origin": [ 14, 12.125, 14.375 ], "axis": "x", "angle": 22.5, "rescale": true },
			"faces": {
				"north": { "uv": [ 0, 2, 2, 4 ], "texture": "#leaves", "tintindex": 0 },
				"south": { "uv": [ 0, 2, 2, 4 ], "texture": "#leaves", "tintindex": 0 }
			}
		},
		{
			"from": [ 9, 7.125, 14.375 ],
			"to": [ 11, 9.125, 14.376 ],
			"rotation": { "origin": [ 9, 7.125, 14.375 ], "axis": "x", "angle": 22.5, "rescale": true },
			"faces": {
				"north": { "uv": [ 5, 7, 7, 9 ], "texture": "#leaves", "tintindex": 0 },
				"south": { "uv": [ 5, 7, 7, 9 ], "texture": "#leaves", "tintindex": 0 }
			}
		},
		{
			"from": [ 2, 7.125, 14.375 ],
			"to": [ 4, 9.125, 14.376 ],
			"rotation": { "origin": [ 2, 7.125, 14.375 ], "axis": "x", "angle": 22.5, "rescale": true },
			"faces": {
				"north": { "uv": [ 12, 7, 14, 9 ], "texture": "#leaves", "tintindex": 0 },
				"south": { "uv": [ 12, 7, 14, 9 ], "texture": "#leaves", "tintindex": 0 }
			}
		},
		{
			"from": [ 1, 14.125, 14.375 ],
			"to": [ 3, 16.125, 14.376 ],
			"rotation": { "origin": [ 1, 14.125, 14.375 ], "axis": "x", "angle": 22.5, "rescale": true },
			"faces": {
				"north": { "uv": [ 13, 0, 15, 2 ], "texture": "#leaves", "tintindex": 0 },
				"south": { "uv": [ 13, 0, 15, 2 ], "texture": "#leaves", "tintindex": 0 }
			}
		},
		{
			"from": [ 13, 2.125, 14.375 ],
			"to": [ 15, 4.125, 14.376 ],
			"rotation": { "origin": [ 13, 2.125, 14.375 ], "axis": "x", "angle": 22.5, "rescale": true },
			"faces": {
				"north": { "uv": [ 1, 12, 3, 14 ], "texture": "#leaves", "tintindex": 0 },
				"south": { "uv": [ 1, 12, 3, 14 ], "texture": "#leaves", "tintindex": 0 }
			}
		}
	]
}